{"cameraMode":{"drawMode":0,"name":"Shaded","section":"Shading Mode"},"sceneLighting":true,"audioPlay":false,"sceneViewState":{"showFog":false,"showMaterialUpdate":false,"showSkybox":false,"showFlares":false,"showImageEffects":false,"showParticleSystems":false,"showVisualEffectGraphs":true,"m_FxEnabled":true},"in2DMode":false,"pivot":{"x":-38.86711502075195,"y":307.4974365234375,"z":640.9672241210938},"rotation":{"x":-0.04828106239438057,"y":0.020072825253009797,"z":-0.0009707964491099119,"w":-0.9986349940299988},"size":369.09429931640627,"orthographic":true}